section,year
57465,Senior
57420,Senior
57420,Senior
57420,Senior
57425,Senior
57465,Sophomore
57465,Senior
57425,Senior
57460,Senior
57425,Senior
57420,Junior
57420,Senior
57425,Senior
57425,Junior
57460,Junior
57425,Senior
57425,Senior
57460,Senior
57425,Senior
57460,Sophomore
57460,Junior
57465,Senior
57420,Senior
57465,Sophomore
57425,Junior
57420,Other
57465,Senior
57425,Senior
57460,Senior
57465,Junior
57460,Other
57460,Senior
57460,Junior
57425,Senior
57425,Senior
57425,Senior
57425,Senior
57465,Junior
57460,Senior
57465,Sophomore
57420,Senior
57460,Junior
57465,Sophomore
57425,Junior
57465,Junior
57420,Senior
57460,Junior
57465,Sophomore
57425,Sophomore
57420,Junior
57460,Junior
57425,Junior
57460,Junior
57465,Sophomore
57460,Junior
57425,Sophomore
57420,Junior
57425,Senior
57460,Senior
57460,Junior
57465,Senior
57425,Junior
57460,Freshman
57460,Senior
57460,Junior
57420,Junior
57465,Other
57425,Sophomore
57460,Junior
57420,Junior
57420,Sophomore
57420,Junior
57465,Junior
57420,Senior
57425,Senior
57460,Junior
57420,Senior
57420,Sophomore
57460,Sophomore
57420,Senior
57460,Sophomore
57460,Senior
57425,Junior
57465,Junior
57420,Junior
57425,Sophomore
57425,Junior
57465,Junior
57465,Senior
57460,Sophomore
57465,Junior
57420,Junior
57420,Junior
57465,Junior
57465,Senior
57460,Senior
57420,Senior
57425,Senior
57420,Junior
57465,Junior
57460,Senior
57420,Junior
57460,Junior
57420,Junior
57420,Junior
57420,Senior
57425,Senior
57465,Junior
57465,Junior
57460,Junior
57420,Junior
57420,Junior
57420,Senior
57425,Junior
57465,Senior
57465,Senior
57425,Senior
57465,Senior
57460,Senior
57425,Junior
57465,Junior
57465,Sophomore
57460,Junior
57420,Junior
57425,Junior
57425,Senior
57465,Sophomore
57420,Senior
57425,Senior
57460,Senior
57420,Junior
57460,Junior
57465,Sophomore
57465,Junior
57465,Junior
57465,Junior
57425,Junior
57465,Senior
57465,Senior
57420,Senior
57465,Junior
57425,Senior
57460,Senior
57425,Other
57425,Senior
57465,Senior
57460,Senior
57465,Sophomore
57460,Senior
57465,Junior
57465,Sophomore
57425,Senior
57425,Senior
57465,Senior
57460,Junior
57420,Junior
57425,Senior
57460,Junior
57425,Senior
57420,Senior
57425,Senior
57420,Senior
57420,Sophomore
57420,Junior
57425,Senior
57420,Junior
57460,Sophomore
57465,Junior
57420,Senior
57460,Junior
57465,Sophomore
57460,Junior
57420,Junior
57425,Senior
57420,Senior
57465,Junior
57420,Senior
57425,Senior
57460,Sophomore
57425,Junior
57465,Senior
57425,Senior
57420,Junior
57420,Junior
57420,Senior
57465,Senior
57460,Junior
57465,Junior
57460,Sophomore
57460,Senior
57420,Senior
57460,Senior
57460,Junior
57460,Junior
57425,Junior
57425,Senior
57425,Senior
57425,Senior
57460,Senior
57420,Sophomore
57465,Senior
